aar,knr,aarknr,kommunenavn,bm_andel_forrige_valg,bm_andel_dette_valg,d_borgmesterparti,d_udvalgsformandsparti,d_valgdeltagelse,skolelukning,antal_skolelukning,borgmesterparti,udvalgsformandsparti,delt_inst_ansvar,delt_pol_ansvar,koalition,afstand_valg,aftale_borgmester,aftale_udvalgsformand,besluttet_aar,skoleluk_aar_i_valgperiode,ny_borgmester,sammenlagt_kommune,valgvind_bm,est_ft_bm,valgvind_uf,est_ft_uf,friskole_antal,friskole,d_nettodriftsudgifter,dt0_nettodriftsudgifter,koalition_kat
2013,101,2013101,København,0.299052444,0.277576663,-0.021475781,-0.021475781,0.067807733,0,0,A,A,0,NA,NA,NA,NA,NA,NA,0,1,0,-0.032211335,0.179287671,-0.032211335,0.179287671,NA,NA,1458,4999,0
2013,147,2013147,Frederiksberg,0.397398355,0.357444598,-0.039953756,-0.039953756,0.061133404,0,0,C,C,0,NA,NA,NA,NA,NA,NA,0,1,0,-0.099670919,0.080819277,-0.099670919,0.080819277,NA,NA,1045,2954,0
2013,151,2013151,Ballerup,0.566296312,0.540258355,-0.026037958,-0.026037958,0.068531275,0,0,A,A,0,NA,NA,NA,NA,NA,NA,0,0,0,-0.035016313,0.301150685,-0.035016313,0.301150685,NA,NA,607,5157,0
2013,153,2013153,Brøndby,0.376981484,0.448830836,0.071849352,0.071849352,0.064189069,0,0,A,A,0,NA,NA,NA,NA,NA,NA,0,0,0,-0.023532122,0.298082192,-0.023532122,0.298082192,NA,NA,4598,5937,0
2013,155,2013155,Dragør,0.224205018,0.185764098,-0.03844092,-0.006108723,0.059988969,1,1,A,V,1,1,0.666666667,572,1,1,2012,3,0,0,-0.002972303,0.164383562,0.018025059,0.29578355,0,0,-235,-153,2
2013,157,2013157,Gentofte,0.455135416,0.502192209,0.047056793,0.047056793,0.06122978,0,0,C,C,0,NA,NA,NA,NA,NA,NA,0,0,0,-0.163689346,0.130036145,-0.163689346,0.130036145,NA,NA,1113,3427,0
2013,159,2013159,Gladsaxe,0.352688816,0.369203644,0.016514828,0.016514828,0.056791555,0,0,A,A,0,NA,NA,NA,NA,NA,NA,0,0,0,-0.015890302,0.24460274,-0.015890302,0.24460274,NA,NA,2232,5962,0
2013,161,2013161,Glostrup,0.173297437,0.287173666,0.113876229,0.113876229,0.061186305,0,0,V,V,0,NA,NA,NA,NA,NA,NA,0,1,0,0.010254619,0.211116883,0.010254619,0.211116883,NA,NA,2880,4426,0
2013,163,2013163,Herlev,0.555632502,0.586863106,0.031230604,0.031230604,0.059931701,0,0,A,A,0,NA,NA,NA,NA,NA,NA,0,1,0,-0.025432283,0.284054795,-0.025432283,0.284054795,NA,NA,4526,7661,0
2013,165,2013165,Albertslund,0.398627372,0.396975836,-0.001651536,-0.001651536,0.062257291,1,1,A,A,0,1,0.904761905,1035,1,1,2011,2,1,0,-0.028033443,0.27660274,-0.028033443,0.27660274,0,0,1969,4258,4
2013,167,2013167,Hvidovre,0.326033953,0.330083102,0.004049149,-0.107617859,0.098395536,1,2,A,F,1,1,0.761904762,784,1,1,2011,2,1,0,-0.023422751,0.265205479,-0.14449489,0.060149254,1,1,2551,5844,3
2013,169,2013169,Høje-Taastrup,0.387899583,0.412489664,0.024590081,0.024590081,0.046001925,1,2,C,C,0,1,0.666666667,1029,1,1,2011,2,0,0,-0.064469171,0.059060241,-0.064469171,0.059060241,0,0,210,4153,2
2013,173,2013173,Lyngby-Taarbæk,0.248997314,0.192154801,-0.056842512,-0.011869968,0.058484413,0,0,V,B,1,NA,NA,NA,NA,NA,NA,0,1,0,0.018410577,0.24630303,0.0682355,0.141276596,NA,NA,689,3390,0
2013,175,2013175,Rødovre,0.521524557,0.465578315,-0.055946242,-0.055946242,0.069862291000000007,0,0,A,A,0,NA,NA,NA,NA,NA,NA,0,0,0,-0.02862322,0.286684932,-0.02862322,0.286684932,NA,NA,6059,7318,0
2013,183,2013183,Ishøj,0.532474621,0.512089332,-0.020385289,-0.020385289,0.069728853,0,0,A,A,0,NA,NA,NA,NA,NA,NA,0,0,0,-0.023567635,0.289315068,-0.023567635,0.289315068,NA,NA,6794,7665,0
2013,185,2013185,Tårnby,0.418814775,0.399720821,-0.019093954,-0.019093954,0.088786665,0,0,A,A,0,NA,NA,NA,NA,NA,NA,0,0,0,-0.025814537,0.237589041,-0.025814537,0.237589041,NA,NA,4218,5950,0
2013,187,2013187,Vallensbæk,0.532238023,0.525744265,-0.006493757,-0.006493757,0.035776569,0,0,C,C,0,NA,NA,NA,NA,NA,NA,0,1,0,-0.123441531,0.09273494,-0.123441531,0.09273494,NA,NA,4741,1153,0
2013,190,2013190,Furesø,0.301727025,0.40730897,0.105581945,-0.079501012,0.043371543,0,0,A,F,1,NA,NA,NA,NA,NA,NA,0,1,1,0.003814265,0.187178082,-0.127094998,0.046567164,NA,NA,1382,2221,0
2013,201,2013201,Allerød,0.189778818,0.266643599,0.076864781,-0.100715561,0.054080776,0,0,C,F,1,NA,NA,NA,NA,NA,NA,0,0,0,-0.093480983,0.082891566,-0.101741831,0.045014925,NA,NA,-2506,-763,0
2013,210,2013210,Fredensborg,0.26337971,0.289511559,0.026131849,-0.098556817,0.067660029,0,0,A,F,1,NA,NA,NA,NA,NA,NA,0,1,1,-0.008822354,0.169205479,-0.103023598,0.046179104,NA,NA,2785,4558,0
2013,217,2013217,Helsingør,0.100012732,0.082985058,-0.017027675,-0.03529626,0.064609665,1,1,V,A,1,1,0.52,1134,1,1,2010,1,0,0,-0.003915748,0.222112554,-0.022852583,0.214356164,0,0,4555,7163,1
2013,219,2013219,Hillerød,0.263234228,0.276047534,0.012813307,-0.064287716,0.049512267,0,0,A,F,1,NA,NA,NA,NA,NA,NA,0,1,1,-0.023034832,0.193315068,-0.108033078,0.048507463,NA,NA,3263,1768,0
2013,223,2013223,Hørsholm,0.359529376,0.396182207,0.03665283,-0.003059537,0.050838365,0,0,C,A,1,NA,NA,NA,NA,NA,NA,0,0,0,-0.134374675,0.126409639,0.00238427,0.109589041,NA,NA,1728,3383,0
2013,230,2013230,Rudersdal,0.363709621,0.348108213,-0.015601408,-0.015601408,0.047395192,1,1,V,V,0,1,0.826086957,1393,1,1,2010,1,1,1,0.004874336,0.328770563,0.004874336,0.328770563,0,0,3343,4571,3
2013,240,2013240,Egedal,0.210763147,0.271374368,0.06061122,0.06061122,0.036530028,0,0,V,V,0,NA,NA,NA,NA,NA,NA,0,1,1,0.008274704,0.299082251,0.008274704,0.299082251,NA,NA,474,1544,0
2013,250,2013250,Frederikssund,0.376325724,0.287291482,-0.089034242,-0.089034242,0.062751981,0,0,A,A,0,NA,NA,NA,NA,NA,NA,0,0,1,-0.020351426,0.20909589,-0.020351426,0.20909589,NA,NA,2815,3069,0
2013,253,2013253,Greve,0.158649011,0.093218451,-0.06543056,-0.06543056,0.071183129,1,1,C,C,0,0,0.904761905,1246,1,1,2010,1,0,0,-0.059073234,0.044554217,-0.059073234,0.044554217,0,0,3677,5436,4
2013,259,2013259,Køge,0.294180003,0.258733527,-0.035446476,-0.077969856,0.069552926,0,0,A,F,1,NA,NA,NA,NA,NA,NA,0,0,1,-0.024559274,0.212164384,-0.104505244,0.059373134,NA,NA,3070,4618,0
2013,260,2013260,Halsnæs,0.345066322,0.318813347,-0.026252975,-0.098128264,0.086423352,1,2,A,F,1,1,0.904761905,536,1,1,2013,4,0,1,-0.019806531,0.235835616,-0.122442181,0.059373134,0,0,7401,6731,4
2013,265,2013265,Roskilde,0.296610169,0.392508556,0.095898387,-0.169708264,0.060314634,0,0,A,F,1,NA,NA,NA,NA,NA,NA,0,1,1,-0.009539258,0.207780822,-0.137623504,0.061313433,NA,NA,2389,3341,0
2013,269,2013269,Solrød,0.394215113,0.363643858,-0.030571255,-0.014485462,0.087423725,1,1,V,A,1,1,1,792,1,1,2011,2,0,0,-0.006190386,0.332619048,-0.003386367,0.181917808,1,1,2532,2316,4
2013,270,2013270,Gribskov,0.077484429,0.062027549,-0.01545688,-0.01545688,0.061353253,0,0,C,C,0,NA,NA,NA,NA,NA,NA,0,1,1,-0.056900071,0.035746988,-0.056900071,0.035746988,NA,NA,2024,4716,0
2013,306,2013306,Odsherred,0.336259584,0.405448635,0.069189051,-0.046964809,0.05242216,0,0,A,V,1,NA,NA,NA,NA,NA,NA,0,1,1,-0.00578567,0.236273973,-0.004388834,0.249601732,NA,NA,6071,4667,0
2013,316,2013316,Holbæk,0.282446473,0.339252909,0.056806436,-0.102204584,0.047070773,0,0,V,F,1,NA,NA,NA,NA,NA,NA,0,1,1,0.003737736,0.254,-0.129231276,0.048507463,NA,NA,6435,7437,0
2013,320,2013320,Faxe,0.262310501,0.244567163,-0.017743339,-0.035415034,0.049182031,1,3,A,V,1,1,0.740740741,649,1,1,2012,3,1,1,-0.017768022,0.212164384,-0.001242931,0.267194805,0,0,3822,6349,2
2013,326,2013326,Kalundborg,0.330039769,0.370346767,0.040306998,NA,0.063876164,0,0,V,,1,NA,NA,NA,NA,NA,NA,0,1,1,0.00259086,0.255649351,NA,NA,NA,NA,6523,9137,0
2013,329,2013329,Ringsted,0.299192892,0.291964093,-0.0072288,-0.035407182,0.077664362,1,3,V,A,1,1,0.619047619,882,1,1,2011,2,0,0,-0.002320755,0.254,-0.021940358,0.224,3,1,2767,4209,1
2013,330,2013330,Slagelse,0.326748587,0.347010029,0.020261442,-0.002872495,0.064215035,1,2,A,V,1,0,0.709677419,631,0,1,2012,3,0,1,-0.018024129,0.232767123,-6.13224e-4,0.246852814,1,1,5640,5932,2
2013,336,2013336,Stevns,0.343378007,0.37363153,0.030253522,-0.069419673,0.04219684,1,3,V,F,1,1,0.684210526,439,1,1,2012,3,0,1,-0.002269623,0.272692641,-0.109236453,0.048119403,2,1,4621,6412,2
2013,340,2013340,Sorø,0.375215603,0.291568734,-0.083646869,-0.083646869,0.065364005,1,3,A,A,0,1,0.72,1119,1,1,2010,1,0,1,-0.01634173,0.216986301,-0.01634173,0.216986301,0,0,4190,7101,2
2013,350,2013350,Lejre,0.223736632,0.348902956,0.125166324,-0.007927692,0.084217338,1,3,F,B,1,1,0.6,938,1,1,2011,2,1,1,-0.115261127,0.062477612,0.036073108,0.081134752,1,1,4916,4383,1
2013,360,2013360,Lolland,0.319493169,0.265710541,-0.053782629,0.115225758,0.089603774,1,1,A,V,1,1,1,635,1,1,2012,3,0,1,0.017776192,0.292821918,0.001720191,0.197922078,0,0,8011,9319,4
2013,370,2013370,Næstved,0.349897413,0.405034718,0.055137306,0.055137306,0.094899063,1,1,A,A,0,1,0.580645161,1065,1,1,2010,1,1,1,-0.011856314,0.270465753,-0.011856314,0.270465753,0,0,5372,6373,1
2013,376,2013376,Guldborgsund,0.107,0.181,0.074,-0.04531281,0.071848442,1,5,L,V,1,1,0.925925926,1069,1,1,2010,1,1,1,NA,NA,-0.007727795,0.221562771,1,1,7945,10118,4
2013,390,2013390,Vordingborg,0.284584187,0.259522225,-0.025061962,-0.050127305,0.067405611,1,1,A,C,1,1,0.586206897,635,1,1,2012,3,0,1,-0.007719491,0.249863014,-0.047642098,0.034710843,1,1,5728,8591,1
2013,400,2013400,Bornholm,0.28319212,0.420532319,0.1373402,-0.074900388,0.049957516,1,2,A,V,1,1,0.777777778,999,1,1,2011,2,1,0,-0.042087965,0.303780822,0.011398268,0.258398268,0,0,8252,10018,3
2013,410,2013410,Middelfart,0.370338248,0.421322329,0.050984081,0.050984081,0.077276561,1,2,A,A,0,1,0.56,1015,1,1,2011,2,0,1,-0.012634876,0.245917808,-0.012634876,0.245917808,0,0,2679,5551,1
2013,420,2013420,Assens,0.356641753,0.326448363,-0.030193391,-0.098180815,0.070314075,1,1,A,F,1,1,0.793103448,1006,1,1,2011,2,0,1,-0.017748414,0.252931507,-0.121544574,0.049671642,0,0,5134,9008,3
2013,430,2013430,Faaborg-Midtfyn,0.383284305,0.270640825,-0.112643481,-0.080662633,0.035285131,1,2,A,F,1,1,1,1162,1,1,2010,1,1,1,-0.013202211,0.237589041,-0.129039196,0.052776119,0,0,5793,6864,4
2013,440,2013440,Kerteminde,NA,NA,NA,NA,0.059272493,1,2,,,0,1,1,28,1,1,2013,4,1,1,NA,NA,NA,NA,0,0,6151,7718,4
2013,450,2013450,Nyborg,0.453810753,0.385515767,-0.068294986,-0.062900757,0.043200775,1,5,A,F,1,1,0.68,1092,1,1,2010,1,1,1,-0.004778126,0.281424658,-0.136337838,0.052,0,0,4087,6667,2
2013,461,2013461,Odense,0.301216671,0.288082025,-0.013134646,-0.1433549,0.047690074,0,0,A,F,1,NA,NA,NA,NA,NA,NA,0,0,0,-0.022786241,0.254684932,-0.158123975,0.063641791,NA,NA,4195,6401,0
2013,479,2013479,Svendborg,0.304442849,0.181302619,-0.123140229,-0.123140229,0.059197134,1,2,A,A,0,1,0.586206897,1085,1,1,2010,1,1,1,-0.021028133,0.233643836,-0.021028133,0.233643836,1,1,5418,7535,1
2013,480,2013480,Nordfyns,0.330896717,0.399702115,0.068805398,0.068805398,0.051022136,1,3,V,V,0,1,0.96,705,1,1,2011,2,1,1,0.028933162,0.284787879,0.028933162,0.284787879,1,1,6432,7922,4
2013,482,2013482,Langeland,0.177749843,0.281596452,0.103846609,-0.047849918,0.048171923,0,0,V,F,1,NA,NA,NA,NA,NA,NA,0,1,1,0.028091881,0.257848485,-0.131951593,0.053940299,NA,NA,6346,10113,0
2013,492,2013492,Ærø,0.244635193,0.139443155,-0.105192038,-0.105192038,0.007670732,1,2,C,C,0,1,0.866666667,337,1,1,2012,3,1,1,-0.052062131,0.120192771,-0.052062131,0.120192771,0,0,8237,9094,3
2013,510,2013510,Haderslev,0.401619243,0.265256741,-0.136362502,-0.056159358,0.044814069,1,4,A,F,1,1,0.774193548,692,1,1,2011,2,1,1,-0.017814755,0.21260274,-0.11793055,0.042686567,1,1,6125,8450,3
2013,530,2013530,Billund,0.383541072,0.464754431,0.081213359,0.081213359,0.063854397,1,2,V,V,0,1,1,812,1,1,2011,2,0,1,-0.006743396,0.381,-0.006743396,0.381,2,1,4588,7869,4
2013,540,2013540,Sønderborg,0.231,0.069,-0.161265228,0.090108502,0.048616501,1,3,L,V,1,1,0.548387097,699,1,1,2011,2,1,1,NA,NA,-0.01187423,0.289186147,1,1,4403,8334,1
2013,550,2013550,Tønder,0.398046457,0.422045864,0.023999406,-0.068528904,0.051996624,1,8,V,A,1,1,0.870967742,999,1,1,2011,2,1,1,-0.006259438,0.347463203,-0.024706011,0.199890411,2,1,4311,7087,3
2013,561,2013561,Esbjerg,0.393041285,0.427247573,0.034206288,-0.016325306,0.076619955,1,5,V,A,1,1,0.924137931,926.4,1,1,2011,2,0,1,2.31879e-4,0.295233766,-0.032874969,0.231013699,1,1,5156,5622,4
2013,563,2013563,Fanø,0.348079728,0.244196429,-0.103883299,-7.44626e-4,0.042996978,0,0,V,C,1,NA,NA,NA,NA,NA,NA,0,0,0,-0.001159185,0.267744589,-0.047097094,0.039373494,NA,NA,953,5917,0
2013,573,2013573,Varde,0.49052446,0.552523727,0.061999267,NA,0.072130414,1,4,V,,1,1,1,959,1,1,2011,2,0,1,0.002260892,0.415636364,NA,NA,1,1,4524,6026,4
2013,575,2013575,Vejen,0.402959054,0.43376263,0.030803576,0.030803576,0.052219758,1,5,V,V,0,1,0.703703704,1015,1,1,2011,2,0,1,5.7833e-4,0.361757576,5.7833e-4,0.361757576,1,1,5473,6245,2
2013,580,2013580,Aabenraa,0.436654688,0.259015789,-0.177638899,-0.034593021,0.046897183,1,3,A,F,1,1,0.892473118,1039.666667,1,1,2011,2,0,1,-0.026722078,0.205150685,-0.086011765,0.032208955,1,1,3659,5909,4
2013,607,2013607,Fredericia,0.268819273,0.236122942,-0.032696332,-0.032696332,0.050089067,1,2,V,V,0,1,0.523809524,609,1,1,2012,3,1,0,-0.007257935,0.243004329,-0.007257935,0.243004329,0,0,3961,9436,1
2013,615,2013615,Horsens,0.38782366,0.407860489,0.020036829,0.020036829,0.081762499,1,1,A,A,0,1,0.814814815,1028,1,1,2011,2,1,1,-0.028070808,0.231452055,-0.028070808,0.231452055,0,0,4069,8470,3
2013,621,2013621,Kolding,0.34551589,0.435391264,0.089875373,-0.013397897,0.038432881,1,1,V,O,1,1,1,1044,1,1,2011,2,1,1,0.00400749,0.292484848,0.048408008,0.208904192,1,1,4831,6791,4
2013,630,2013630,Vejle,0.319224154,0.336589364,0.01736521,0.015672515,0.053394983,0,0,V,A,1,NA,NA,NA,NA,NA,NA,0,1,1,-0.008805023,0.27874026,-0.010451483,0.198136986,NA,NA,1528,3178,0
2013,657,2013657,Herning,0.617809626,0.577368972,-0.040440654,-0.040440654,0.04165618,1,2,V,V,0,1,0.612903226,1246,1,1,2010,1,0,1,0.005195222,0.385948052,0.005195222,0.385948052,0,0,3605,6448,1
2013,661,2013661,Holstebro,0.284544809,0.443783532,0.159238723,0.159238723,0.030476597,1,5,A,A,0,1,0.948148148,782.6,1,1,2012,3,1,1,-0.001232931,0.234520548,-0.001232931,0.234520548,2,1,4039,6125,4
2013,665,2013665,Lemvig,0.386350772,0.487020719,0.100669947,-0.032425445,0.025951532,1,2,V,C,1,1,0.785714286,828.5,1,1,2011,2,0,1,0.014209785,0.344164502,-0.020473659,0.044036145,0,0,4266,6963,3
2013,671,2013671,Struer,0.360193267,0.335876698,-0.024316569,-0.024316569,0.033790104,0,0,A,A,0,NA,NA,NA,NA,NA,NA,0,0,1,-0.011115118,0.249863014,-0.011115118,0.249863014,NA,NA,7538,9120,0
2013,706,2013706,Syddjurs,0.226498541,0.180311485,-0.046187056,-0.014,0.069429126,0,0,F,L,1,NA,NA,NA,NA,NA,NA,0,1,1,-0.109240352,0.056268657,NA,NA,NA,NA,5459,6138,0
2013,707,2013707,Norddjurs,0.383625076,0.395993544,0.012368468,-0.065817724,0.041995452,0,0,A,F,1,NA,NA,NA,NA,NA,NA,0,1,1,-0.028162423,0.268712329,-0.097081216,0.041522388,NA,NA,3426,7995,0
2013,710,2013710,Favrskov,0.361908802,0.428784545,0.066875743,-0.06229432,0.075256612,1,2,A,F,1,1,0.851851852,756,1,1,2011,2,1,1,-0.01747455,0.236712329,-0.093043835,0.042298507,2,1,3117,5755,3
2013,727,2013727,Odder,0.249066848,0.23368166,-0.015385188,-0.015385188,0.065335478,1,2,A,A,0,1,0.526315789,1100,1,1,2010,1,0,0,-0.018531659,0.251178082,-0.018531659,0.251178082,2,1,4409,5294,1
2013,730,2013730,Randers,0.382331797,0.313757738,-0.068574059,0.033,0.076040667,0,0,A,L,1,NA,NA,NA,NA,NA,NA,0,0,1,-0.037448297,0.287561644,NA,NA,NA,NA,2363,7072,0
2013,740,2013740,Silkeborg,0.287307204,0.250171713,-0.037135491,-0.037135491,0.077303533,1,1,A,A,0,1,0.774193548,1093,1,1,2010,1,1,1,-0.024383562,0.219616438,-0.024383562,0.219616438,0,0,1655,4174,3
2013,741,2013741,Samsø,0.196547666,0.148191824,-0.048355842,0.011260119,0.032347535,0,0,C,V,1,NA,NA,NA,NA,NA,NA,0,1,0,-0.043080321,0.050253012,0.005485526,0.271593074,NA,NA,8476,12565,0
2013,746,2013746,Skanderborg,0.348214898,0.373130728,0.024915831,0.024915831,0.076084552,0,0,A,A,0,NA,NA,NA,NA,NA,NA,0,1,1,-0.017883929,0.231452055,-0.017883929,0.231452055,NA,NA,2685,5044,0
2013,751,2013751,Aarhus,0.412607543,0.382217481,-0.030390062,-0.030390062,0.06841405,1,2,A,A,0,1,0.612903226,335,1,1,2012,3,1,0,-0.02922792,0.233205479,-0.02922792,0.233205479,0,0,1871,5376,1
2013,756,2013756,Ikast-Brande,0.249359243,0.361989172,0.112629929,-0.010433552,0.039051447,0,0,V,A,1,NA,NA,NA,NA,NA,NA,0,0,1,0.015742775,0.363406926,-0.012427354,0.189369863,NA,NA,3960,3771,0
2013,760,2013760,Ringkøbing-Skjern,0.524543081,0.4487121,-0.07583098,-0.07583098,0.057027053,0,0,V,V,0,NA,NA,NA,NA,NA,NA,0,1,1,0.031956253,0.417835498,0.031956253,0.417835498,NA,NA,6284,7671,0
2013,766,2013766,Hedensted,0.437885609,0.435743897,-0.002141713,-0.002141713,0.050088738,0,0,V,V,0,NA,NA,NA,NA,NA,NA,0,1,1,-0.02018239,0.338666667,-0.02018239,0.338666667,NA,NA,3299,5108,0
2013,773,2013773,Morsø,0.34416211,0.286842905,-0.057319205,NA,0.061149469,1,2,A,,1,1,0.523809524,659,1,1,2012,3,1,0,-0.006927858,0.301589041,NA,NA,1,1,6524,9495,1
2013,779,2013779,Skive,0.373965803,0.375802016,0.001836214,-0.085216034,0.010760635,1,3,V,A,1,1,0.903225806,85,1,1,2013,4,0,1,0.00989144,0.318874459,-0.016695988,0.261260274,1,1,4520,8205,4
2013,787,2013787,Thisted,0.288331849,0.33653921,0.048207362,-0.050511060000000003,0.06678569,1,4,V,F,1,1,0.842592593,1084,1,1,2010,1,1,1,0.033732239,0.325471861,-0.094125723,0.031432836,2,1,6259,7717,3
2013,791,2013791,Viborg,0.101548762,0.168106224,0.066557463,-0.035660491,0.067443201,0,0,C,A,1,NA,NA,NA,NA,NA,NA,0,1,1,-0.006404914,0.070457831,-0.023337673,0.214356164,NA,NA,1672,4905,0
2013,810,2013810,Brønderslev,0.396448145,0.298459878,-0.097988267,-0.097988267,0.055282668,0,0,A,A,0,NA,NA,NA,NA,NA,NA,0,1,1,-0.029728914,0.265205479,-0.029728914,0.265205479,NA,NA,6846,8498,0
2013,813,2013813,Frederikshavn,0.307318166,0.314864359,0.007546194,-0.121000553,0.081319045,1,4,V,F,1,1,0.948387097,765.2,1,1,2011,2,1,1,0.023529944,0.273792208,-0.089704182,0.040746269,0,0,5667,8679,4
2013,820,2013820,Vesthimmerlands,0.334429005,0.342283776,0.007854771,0.007854771,0.042808186,1,3,C,C,0,1,0.925925926,1090,1,1,2010,1,1,1,-0.120615875,0.052325301,-0.120615875,0.052325301,1,1,4471,7803,4
2013,825,2013825,Læsø,0.26296018,0.249033256,-0.014,0.003618862,0.019037681,0,0,L,A,1,NA,NA,NA,NA,NA,NA,0,0,0,NA,NA,-0.020396307,0.245917808,NA,NA,8602,2948,0
2013,840,2013840,Rebild,0.328197227,0.27739388,-0.050803347,-0.050803347,0.068050193,1,1,V,V,0,1,0.56,663,1,1,2012,3,0,1,0.025423483,0.304580087,0.025423483,0.304580087,1,1,3924,5350,1
2013,846,2013846,Mariagerfjord,0.424669922,0.377278328,-0.047391594,0.04877101,0.045594798,1,6,A,V,1,1,0.729064039,1033,1,1,2010,1,0,1,-0.020231815,0.262575342,0.019648844,0.28808658,2,1,4247,6233,2
2013,849,2013849,Jammerbugt,0.394760657,0.456726309,0.061965652,-0.015039166,0.059676283,1,5,V,C,1,1,0.822222222,863.4,1,1,2013,4,0,1,0.033153067,0.294134199,-0.083832979,0.03626506,1,1,5228,8358,3
2013,851,2013851,Aalborg,0.361680196,0.363002139,0.001321943,-0.126662151,0.080988547,0,0,A,F,1,NA,NA,NA,NA,NA,NA,0,0,1,-0.035672431,0.27090411,-0.128263077,0.053552239,NA,NA,4656,7176,0
2013,860,2013860,Hjørring,0.251690749,0.390516669,0.13882592,-0.077,0.084060256,1,7,A,L,1,1,0.903225806,1091,1,1,2010,1,1,1,-0.024575179,0.244164384,NA,NA,4,1,6824,8401,4
2017,101,2017101,København,0.277576663,0.275864711,-0.001711953,-0.035266766,0.006720151,1,1,A,V,1,1,0.654545455,572,1,1,2016,3,0,1,0.018815777,0.198103448,-0.024585415,0.101864802,0,0,-5008,-5252,2
2017,147,2017147,Frederiksberg,0.357444598,0.370923134,0.013478536,0.002115213,0.00869677,0,0,C,B,1,NA,NA,NA,NA,NA,NA,0,0,0,-0.012619277,0.0682,-0.055796905,0.113848485,NA,NA,-2550,-2238,0
2017,151,2017151,Ballerup,0.540258355,0.586111218,0.045852864,0.045852864,-0.007983118,0,0,A,A,0,NA,NA,NA,NA,NA,NA,0,1,0,0.054711384,0.355862069,0.054711384,0.355862069,NA,NA,1389,-155,0
2017,153,2017153,Brøndby,0.448830836,0.529046747,0.080215911,0.080215911,-0.025417306,0,0,A,A,0,NA,NA,NA,NA,NA,NA,0,1,0,0.064504015,0.362586207,0.064504015,0.362586207,NA,NA,-1062,-745,0
2017,155,2017155,Dragør,0.164963328,0.206116863,0.041153535,-0.007565088,-0.007737749,0,0,V,C,1,NA,NA,NA,NA,NA,NA,0,1,0,-0.061937396,0.233846154,-0.008297349,0.07304,NA,NA,-151,1969,0
2017,157,2017157,Gentofte,0.502192209,0.581399951,0.079207742,0.079207742,-0.007550091,0,0,C,C,0,NA,NA,NA,NA,NA,NA,0,0,0,0.005043855,0.13508,0.005043855,0.13508,NA,NA,-2387,-1745,0
2017,159,2017159,Gladsaxe,0.369203644,0.360305477,-0.008898167,0.009638599,-0.027255851,0,0,A,B,1,NA,NA,NA,NA,NA,NA,0,0,0,0.041948984,0.286551724,-0.034434558,0.075636364,NA,NA,-2104,-2980,0
2017,161,2017161,Glostrup,0.287173666,0.302934179,0.015760513,0.015760513,-0.019087308,0,0,V,V,0,NA,NA,NA,NA,NA,NA,0,0,0,-0.058762571,0.152354312,-0.058762571,0.152354312,NA,NA,-150,-485,0
2017,163,2017163,Herlev,0.586863106,0.571918961,-0.014944145,-0.014944145,-0.009087591,0,0,A,A,0,NA,NA,NA,NA,NA,NA,0,0,0,0.056290033,0.340344828,0.056290033,0.340344828,NA,NA,-1304,-4452,0
2017,165,2017165,Albertslund,0.396975836,0.419115529,0.022139693,0.022139693,-0.007951157,0,0,A,A,0,NA,NA,NA,NA,NA,NA,0,0,0,0.043569674,0.320172414,0.043569674,0.320172414,NA,NA,-65,-149,0
2017,167,2017167,Hvidovre,0.330083102,0.338159528,0.008076425,0.008076425,-0.02664109,0,0,A,A,0,NA,NA,NA,NA,NA,NA,0,0,0,0.051346245,0.316551724,0.051346245,0.316551724,NA,NA,261,-1149,0
2017,169,2017169,Høje-Taastrup,0.412489664,0.476377953,0.063888289,0.063888289,-0.032971677,0,0,C,C,0,NA,NA,NA,NA,NA,NA,0,0,0,0.006939759,0.066,0.006939759,0.066,NA,NA,-443,-177,0
2017,173,2017173,Lyngby-Taarbæk,0.244193305,0.366326263,0.122132959,0.122132959,-0.011611039,0,0,C,C,0,NA,NA,NA,NA,NA,NA,0,1,0,0.01212,0.09812,0.01212,0.09812,NA,NA,-673,-1042,0
2017,175,2017175,Rødovre,0.465578315,0.518624936,0.053046621,0.053046621,-0.024282783,0,0,A,A,0,NA,NA,NA,NA,NA,NA,0,0,0,0.050556448,0.337241379,0.050556448,0.337241379,NA,NA,-1655,291,0
2017,183,2017183,Ishøj,0.512089332,0.515009289,0.002919957,0.002919957,-0.076013095,0,0,A,A,0,NA,NA,NA,NA,NA,NA,0,0,0,0.043271138,0.332586207,0.043271138,0.332586207,NA,NA,-4506,-2406,0
2017,185,2017185,Tårnby,0.399720821,0.406532504,0.006811682,0.006811682,-0.023088542,0,0,A,A,0,NA,NA,NA,NA,NA,NA,0,0,0,0.075859235,0.313448276,0.075859235,0.313448276,NA,NA,-1531,670,0
2017,187,2017187,Vallensbæk,0.525744265,0.510640813,-0.015103452,-0.015103452,-0.024412684,0,0,C,C,0,NA,NA,NA,NA,NA,NA,0,0,0,1.0506e-4,0.09284,1.0506e-4,0.09284,NA,NA,-946,1026,0
2017,190,2017190,Furesø,0.40730897,0.400448779,-0.006860191,-0.006860191,-0.027547668,0,0,A,A,0,NA,NA,NA,NA,NA,NA,0,1,1,0.041959849,0.229137931,0.041959849,0.229137931,NA,NA,-2127,-1405,0
2017,201,2017201,Allerød,0.266643599,0.209000864,-0.057642734,0.035921721,-0.008893277,0,0,C,A,1,NA,NA,NA,NA,NA,NA,0,1,0,0.012588434,0.09548,0.045739254,0.207931034,NA,NA,-1141,-2204,0
2017,210,2017210,Fredensborg,0.289511559,0.315657455,0.026145896,0.005143904,-0.013937187,0,0,A,F,1,NA,NA,NA,NA,NA,NA,0,1,1,0.041829003,0.211034483,0.001299887,0.047478992,NA,NA,-2845,-3015,0
2017,217,2017217,Helsingør,0.297503864,0.327797526,0.030293662,0.003937618,-0.018497585,0,0,C,B,1,NA,NA,NA,NA,NA,NA,0,1,0,0.010920964,0.07568,-0.028270148,0.064212121,NA,NA,-2484,-1878,0
2017,219,2017219,Hillerød,0.102155031,0.055592743,-0.046562289,0.00277081,-0.019552812,0,0,C,F,1,NA,NA,NA,NA,NA,NA,0,1,1,0.003192771,0.055,0.001912705,0.050420168,NA,NA,-1196,-1546,0
2017,223,2017223,Hørsholm,0.396182207,0.416948236,0.02076603,0.02076603,-0.004100944,0,0,C,C,0,NA,NA,NA,NA,NA,NA,0,1,0,0.015710361,0.14212,0.015710361,0.14212,NA,NA,-3427,-1774,0
2017,230,2017230,Rudersdal,0.348108213,0.305712832,-0.042395381,-0.042395381,-0.008571343,0,0,V,V,0,NA,NA,NA,NA,NA,NA,0,0,1,-0.107768232,0.221002331,-0.107768232,0.221002331,NA,NA,-1969,-578,0
2017,240,2017240,Egedal,0.271374368,0.274694691,0.003320324,0.003320324,-0.015948888,0,0,V,V,0,NA,NA,NA,NA,NA,NA,0,0,1,-0.091809524,0.207272727,-0.091809524,0.207272727,NA,NA,300,1213,0
2017,250,2017250,Frederikssund,0.303771456,0.323891431,0.020119975,0.020119975,-0.008504693,1,1,V,V,0,1,0.565217391,1098,1,1,2014,1,1,1,-0.086647686,0.206386946,-0.086647686,0.206386946,0,0,-631,311,1
2017,253,2017253,Greve,0.363291985,0.365939764,0.002647778,0.009667259,-0.028468795,1,1,V,I,1,1,0.619047619,701,1,1,2015,2,1,0,-0.075300033,0.241375291,-4.11429e-4,0.059428571,0,0,-1652,-1164,1
2017,259,2017259,Køge,0.064339718,0.147297659,0.082957941,-0.102225077,-0.032889218,1,1,C,V,1,1,1,1155,1,1,2014,1,1,1,9.21928e-4,0.04444,-0.060502498,0.202843823,0,0,-421,-1333,4
2017,260,2017260,Halsnæs,0.279808678,0.248500622,-0.031308055,-0.031308055,-0.020448296,1,1,V,V,0,1,0.523809524,1337,1,1,2014,1,1,1,-0.075041958,0.167412587,-0.075041958,0.167412587,1,1,-2972,-582,1
2017,265,2017265,Roskilde,0.392508556,0.457616559,0.065108003,0.065108003,0.003929304,0,0,A,A,0,NA,NA,NA,NA,NA,NA,0,0,1,0.049805385,0.257586207,0.049805385,0.257586207,NA,NA,-514,568,0
2017,269,2017269,Solrød,0.363643858,0.362880228,-7.6363e-4,0.012534233,-0.016653709,0,0,V,A,1,NA,NA,NA,NA,NA,NA,0,0,0,-0.082828838,0.24979021,0.046702881,0.22862069,NA,NA,-853,1547,0
2017,270,2017270,Gribskov,0.390685369,0.259437516,-0.131247853,0.00526968,-0.017360699,0,0,V,C,1,NA,NA,NA,NA,NA,NA,0,1,1,-0.115190476,0.213030303,0.011773012,0.04752,NA,NA,261,237,0
2017,306,2017306,Odsherred,0.405448635,0.43467861,0.029229974,5.64924e-4,-0.009823516,1,1,A,O,1,1,0.92,574,1,1,2016,3,1,1,0.069415683,0.305689655,-0.009712896,0.228885906,0,0,-1542,-304,4
2017,316,2017316,Holbæk,0.339252909,0.201397176,-0.137855733,-0.009770288,0.023100188,1,3,V,A,1,0,0.666666667,988.3333333,1,0,2015,2,0,1,-0.060899767,0.193100233,0.059070855,0.295344828,1,1,-3576,327,2
2017,320,2017320,Faxe,0.244567163,0.292368381,0.047801218,-0.01927517,-0.022981695,0,0,A,V,1,NA,NA,NA,NA,NA,NA,0,0,1,0.060939065,0.273103448,-0.069222777,0.197972028,NA,NA,300,-450,0
2017,326,2017326,Kalundborg,0.370346767,0.353088263,-0.017258504,-0.017258504,-0.012968656,1,1,V,V,0,1,0.777777778,272,1,1,2017,4,1,1,-0.053691309,0.201958042,-0.053691309,0.201958042,1,1,-3230,-1999,3
2017,329,2017329,Ringsted,0.291964093,0.266211421,-0.025752672,0.007231204,-0.029739995,0,0,V,A,1,NA,NA,NA,NA,NA,NA,0,1,0,-0.059128205,0.194871795,0.044965517000000003,0.268965517,NA,NA,-713,79,0
2017,330,2017330,Slagelse,0.292248571,0.290959666,-0.001288904,-0.001288904,-0.014904437,1,1,V,V,0,1,0.903225806,1303,1,1,2014,1,1,1,-0.047109224,0.19974359,-0.047109224,0.19974359,0,0,-1361,2372,4
2017,336,2017336,Stevns,NA,NA,NA,NA,-0.024568415,0,0,,,0,NA,NA,NA,NA,NA,NA,0,0,1,NA,NA,NA,NA,NA,NA,-1324,-522,0
2017,340,2017340,Sorø,0.199783041,0.246642766,0.046859725,-0.093693347,-0.024519492,0,0,C,V,1,NA,NA,NA,NA,NA,NA,0,1,1,7.37349e-4,0.0484,-0.064335997,0.189114219,NA,NA,-2446,-1031,0
2017,350,2017350,Lejre,NA,NA,NA,NA,-0.023232069,0,0,,,0,NA,NA,NA,NA,NA,NA,0,0,1,NA,NA,NA,NA,NA,NA,-1119,-671,0
2017,360,2017360,Lolland,0.265710541,0.396290123,0.130579582,-0.112448193,-0.048182451,1,3,A,V,1,1,0.709677419,1017.666667,1,1,2014,1,1,1,0.097695324,0.390517241,-0.034052614,0.163869464,0,0,-399,1499,2
2017,370,2017370,Næstved,0.405034718,0.394050264,-0.010984455,-0.010984455,-0.028506675,0,0,A,A,0,NA,NA,NA,NA,NA,NA,0,0,1,0.074017005,0.344482759,0.074017005,0.344482759,NA,NA,-2750,-1246,0
2017,376,2017376,Guldborgsund,0.181,0.331,0.15,-0.056217072,-0.022000508,0,0,L,V,1,NA,NA,NA,NA,NA,NA,0,0,1,NA,NA,-0.052378621,0.169184149,NA,NA,-1211,485,0
2017,390,2017390,Vordingborg,0.319244139,0.266958183,-0.052285955,-0.052285955,-0.019496835,0,0,V,V,0,NA,NA,NA,NA,NA,NA,0,1,1,-0.052515818,0.181142191,-0.052515818,0.181142191,NA,NA,-826,-785,0
2017,400,2017400,Bornholm,0.420532319,0.342484953,-0.078047366,-0.078047366,-0.014811296,1,4,A,A,0,1,0.551994302,908,1,1,2015,2,0,0,0.044839868,0.34862069,0.044839868,0.34862069,1,1,-1280,-1501,1
2017,410,2017410,Middelfart,0.421322329,0.485457033,0.064134704,0.064134704,-0.002038171,0,0,A,A,0,NA,NA,NA,NA,NA,NA,0,0,1,0.066495985,0.312413793,0.066495985,0.312413793,NA,NA,-1294,-762,0
2017,420,2017420,Assens,0.341183879,0.420198935,0.079015056,0.079015056,-0.002612453,1,2,V,V,0,0,0.517241379,272,0,0,2017,4,1,1,-0.051690643,0.205058275,-0.051690643,0.205058275,0,0,317,1161,1
2017,430,2017430,Faaborg-Midtfyn,0.342729426,0.237157736,-0.10557169,0.007488739,-0.016693698,1,1,V,F,1,1,0.96,1008,1,1,2015,2,1,1,-0.062258408,0.219230769,-0.00907864,0.043697479,0,0,704,1234,4
2017,440,2017440,Kerteminde,0.149521697,0.11878822,-0.030733477,-0.02076927,-0.024943261,0,0,V,A,1,NA,NA,NA,NA,NA,NA,0,1,1,-0.054654013,0.174055944,0.071807274,0.355862069,NA,NA,1154,680,0
2017,450,2017450,Nyborg,0.315927312,0.474573643,0.158646332,-3.82501e-4,0.003416636,0,0,V,F,1,NA,NA,NA,NA,NA,NA,0,1,1,-0.04834632,0.195757576,-0.014184874,0.037815126,NA,NA,-191,-2050,0
2017,461,2017461,Odense,0.288082025,0.41843189,0.130349865,-0.004532874,-0.005061217,0,0,A,B,1,NA,NA,NA,NA,NA,NA,0,1,0,0.041177137,0.295862069,-0.023399097,0.05830303,NA,NA,-2605,-2256,0
2017,479,2017479,Svendborg,0.207407624,0.1915768,-0.015830824,-0.015830824,-0.014526966,0,0,V,V,0,NA,NA,NA,NA,NA,NA,0,1,1,-0.050072594,0.168741259,-0.050072594,0.168741259,NA,NA,-185,39,0
2017,480,2017480,Nordfyns,0.399702115,0.401069205,0.00136709,-0.012645308,-0.01560928,0,0,V,I,1,NA,NA,NA,NA,NA,NA,0,0,1,-0.058027972,0.226759907,-0.002371429,0.039428571,NA,NA,-1423,132,0
2017,482,2017482,Langeland,0.281596452,0.230241423,-0.051355029,-0.051355029,-0.020811407,0,0,V,V,0,NA,NA,NA,NA,NA,NA,0,0,1,-0.055004662,0.202843823,-0.055004662,0.202843823,NA,NA,-1009,-3248,0
2017,492,2017492,Ærø,0.247331787,0.233109727,-0.01422206,-0.04,-0.009757054,0,0,A,L,1,NA,NA,NA,NA,NA,NA,0,0,1,0.044598016,0.249310345,NA,NA,NA,NA,138,-499,0
2017,510,2017510,Haderslev,0.33228584,0.2644187,-0.06786714,-0.06786714,-0.007344673,0,0,V,V,0,NA,NA,NA,NA,NA,NA,0,1,1,-0.084722944,0.23030303,-0.084722944,0.23030303,NA,NA,-499,-940,0
2017,530,2017530,Billund,0.464754431,0.364834568,-0.099919863,-0.099919863,-0.013115737,0,0,V,V,0,NA,NA,NA,NA,NA,NA,0,0,1,-0.096221445,0.284778555,-0.096221445,0.284778555,NA,NA,2459,1361,0
2017,540,2017540,Sønderborg,0.338,0.415389924,0.077535739,-0.036,0.00396355,0,0,A,L,1,NA,NA,NA,NA,NA,NA,0,1,1,0.055020784,0.286034483,NA,NA,NA,NA,1932,2322,0
2017,550,2017550,Tønder,0.422045864,0.445753605,0.023707742,-0.008684775,-0.013577767,0,0,V,A,1,NA,NA,NA,NA,NA,NA,0,1,1,-0.082614719,0.264848485,0.037006141,0.236896552,NA,NA,-58,-151,0
2017,561,2017561,Esbjerg,0.427247573,0.321965865,-0.105281707,0.005608693,0.001926255,0,0,V,F,1,NA,NA,NA,NA,NA,NA,0,0,1,-0.082646354,0.212587413,-0.009075881,0.038655462,NA,NA,-2507,-2675,0
2017,563,2017563,Fanø,0.244196429,0.236081139,-0.008115289,-0.064,0.003218852,0,0,V,L,1,NA,NA,NA,NA,NA,NA,0,0,0,-0.085716617,0.182027972,NA,NA,NA,NA,1825,1031,0
2017,573,2017573,Varde,0.552523727,0.420084815,-0.132438912,-0.132438912,-0.009820934,1,1,V,V,0,1,0.72,175,1,1,2017,4,1,1,-0.115356643,0.30027972000000003,-0.115356643,0.30027972000000003,1,1,-498,2081,2
2017,575,2017575,Vejen,0.43376263,0.355387119,-0.078375511,-0.078375511,-0.005841449,0,0,V,V,0,NA,NA,NA,NA,NA,NA,0,0,1,-0.097351981,0.264405594,-0.097351981,0.264405594,NA,NA,-328,1450,0
2017,580,2017580,Aabenraa,0.377987344,0.334993196,-0.042994149,-0.042994149,-0.011567875,0,0,V,V,0,NA,NA,NA,NA,NA,NA,0,1,1,-0.086371961,0.246247086,-0.086371961,0.246247086,NA,NA,-93,829,0
2017,607,2017607,Fredericia,0.437429018,0.542806331,0.105377314,0.105377314,-0.026771393,0,0,A,A,0,NA,NA,NA,NA,NA,NA,0,1,0,0.047103448,0.303103448,0.047103448,0.303103448,NA,NA,-485,-1255,0
2017,615,2017615,Horsens,0.407860489,0.431856338,0.023995849,0.023995849,-0.019893083,0,0,A,A,0,NA,NA,NA,NA,NA,NA,0,0,1,0.049927256,0.28137931,0.049927256,0.28137931,NA,NA,-2854,-2392,0
2017,621,2017621,Kolding,0.435391264,0.464400118,0.029008854,-0.014870479,-8.86487e-4,1,1,V,A,1,1,1,1366,1,1,2014,1,0,1,-0.071925408,0.220559441,0.045931034,0.237931034,0,0,-1505,-1330,4
2017,630,2017630,Vejle,0.336589364,0.299980313,-0.036609051,0.0229435,-0.008090155,0,0,V,A,1,NA,NA,NA,NA,NA,NA,0,1,1,-0.063938395,0.214801865,0.042380255,0.240517241,NA,NA,-1415,-1114,0
2017,657,2017657,Herning,0.577368972,0.555828367,-0.021540605,-0.021540605,-0.010530352,1,3,V,V,0,1,0.709677419,1247,1,1,2014,1,0,1,-0.102498168,0.283449883,-0.102498168,0.283449883,2,1,-768,-835,2
2017,661,2017661,Holstebro,0.443783532,0.429860783,-0.013922748,0.003331323,-0.026847595,1,2,A,B,1,1,1,735,1,1,2015,2,1,1,0.06082428,0.295344828,-0.023740812,0.030727273,0,0,-1830,-841,4
2017,665,2017665,Lemvig,0.487020719,0.486830303,-1.90417e-4,-1.90417e-4,-0.008674988,0,0,V,V,0,NA,NA,NA,NA,NA,NA,0,0,1,-0.052742591,0.291421911,-0.052742591,0.291421911,NA,NA,151,-153,0
2017,671,2017671,Struer,0.384632993,0.365134904,-0.019498089,-0.019498089,-0.012969908,1,1,V,V,0,1,1,1253,1,1,2014,1,1,1,-0.053171162,0.245361305,-0.053171162,0.245361305,0,0,-280,765,4
2017,706,2017706,Syddjurs,0.271716499,0.295839124,0.024122625,-0.038519275,-0.00993061,0,0,V,I,1,NA,NA,NA,NA,NA,NA,0,1,1,-0.075102231,0.206386946,0.002897143,0.050857143,NA,NA,-1822,-817,0
2017,707,2017707,Norddjurs,0.395993544,0.409555829,0.013562285,-0.032817199,-0.01404167,0,0,A,V,1,NA,NA,NA,NA,NA,NA,0,0,1,0.053011809,0.321724138,-0.07523976,0.202400932,NA,NA,1009,844,0
2017,710,2017710,Favrskov,0.428784545,0.430860908,0.002076363,0.002076363,-0.020476871,0,0,A,A,0,NA,NA,NA,NA,NA,NA,0,0,1,0.050356637,0.287068966,0.050356637,0.287068966,NA,NA,-1919,-858,0
2017,727,2017727,Odder,0.389519915,0.385199524,-0.004320392,-0.004320392,-0.018247254,0,0,V,V,0,NA,NA,NA,NA,NA,NA,0,1,0,-0.080034965,0.208601399,-0.080034965,0.208601399,NA,NA,-902,2038,0
2017,730,2017730,Randers,0.320761342,0.261235747,-0.059525595,-0.044,-0.020231006,1,5,V,L,1,0,0.741935484,1044,1,0,2015,2,1,1,-0.064793873,0.202400932,NA,NA,0,0,-323,-1034,2
2017,740,2017740,Silkeborg,0.330494338,0.327878321,-0.002616017,0.050405876,-0.01616541,0,0,V,A,1,NA,NA,NA,NA,NA,NA,0,1,1,-0.075911422,0.216573427,0.041590458,0.261206897,NA,NA,-176,1020,0
2017,741,2017741,Samsø,0.196147799,0.41314741,0.216999612,-0.078257411,-0.007940534,0,0,A,V,1,NA,NA,NA,NA,NA,NA,0,1,0,0.056265942,0.279827586,-0.070077922,0.201515152,NA,NA,-7419,2635,0
2017,746,2017746,Skanderborg,0.373130728,0.368249856,-0.004880872,-0.004880872,-0.006427303,0,0,A,A,0,NA,NA,NA,NA,NA,NA,0,0,1,0.043203118,0.274655172,0.043203118,0.274655172,NA,NA,-1263,557,0
2017,751,2017751,Aarhus,0.382217481,0.377730294,-0.004487187,-0.022195227,-1.92472e-4,0,0,A,OE,1,NA,NA,NA,NA,NA,NA,0,0,0,0.022311762,0.255517241,NA,NA,NA,NA,-1837,-2264,0
2017,756,2017756,Ikast-Brande,0.361989172,0.36051407,-0.001475102,0.03247465,-0.028044054,1,1,V,O,1,1,1,154,1,1,2017,4,0,1,-0.07685681,0.286550117,-0.002761886,0.224375839,0,0,199,1070,4
2017,760,2017760,Ringkøbing-Skjern,0.4487121,0.36883085,-0.07988125,-0.07988125,-0.012269352,1,1,V,V,0,1,0.965517241,1407,1,1,2014,1,0,1,-0.124199134,0.293636364,-0.124199134,0.293636364,1,1,139,1543,4
2017,766,2017766,Hedensted,0.435743897,0.398708849,-0.037035048,-0.037035048,-0.010599346,0,0,V,V,0,NA,NA,NA,NA,NA,NA,0,0,1,-0.093748252,0.244918415,-0.093748252,0.244918415,NA,NA,-75,643,0
2017,773,2017773,Morsø,0.34047402,0.482973621,0.142499601,-0.002350499,-0.028952813,1,1,V,A,1,1,0.714285714,1023,1,1,2015,2,1,0,-0.050009657,0.257319347,0.072893718,0.374482759,1,1,926,1689,2
2017,779,2017779,Skive,0.375802016,0.363344638,-0.012457379,0.013952427,-0.001282038,1,2,V,A,1,1,0.762246117,854,1,1,2015,2,1,1,-0.055797536,0.263076923,0.052705243,0.313965517,0,0,1410,1222,3
2017,787,2017787,Thisted,0.33653921,0.219362456,-0.117176755,0.080408827,-0.005648061,1,2,V,C,1,1,0.740740741,864.5,1,1,2015,2,0,1,-0.07391009,0.251561772,-0.001845783,0.0396,1,1,-1209,-535,2
2017,791,2017791,Viborg,0.168106224,0.18616982,0.018063595000000002,-5.4831e-4,-0.01009571,0,0,C,V,1,NA,NA,NA,NA,NA,NA,0,1,1,0.047902169,0.11836,-0.107814186,0.214358974,NA,NA,-70,-274,0
2017,810,2017810,Brønderslev,0.366342947,0.341376582,-0.024966365,-0.024966365,-0.028452098,1,2,V,V,0,1,0.925925926,1252,1,1,2014,1,1,1,-0.058318015,0.232517483,-0.058318015,0.232517483,2,1,-1494,-542,4
2017,813,2017813,Frederikshavn,0.412387446,0.596620238,0.184232792,-0.00103261,-0.008440162,1,2,A,F,1,1,0.709677419,1140,1,1,2014,1,1,1,0.074743977,0.36362069,-0.013435344,0.027310924,1,1,-1371,-774,2
2017,820,2017820,Vesthimmerlands,0.342283776,0.25876397,-0.083519806,-0.083519806,-0.015280045,1,3,C,C,0,1,0.62962963,733,1,1,2015,2,0,1,-0.007885301,0.04444,-0.007885301,0.04444,3,1,-1525,-866,2
2017,825,2017825,Læsø,NA,NA,NA,NA,-0.013600838,0,0,,,0,NA,NA,NA,NA,NA,NA,0,0,0,NA,NA,NA,NA,NA,NA,4567,4772,0
2017,840,2017840,Rebild,0.087625573,0.106579099,0.018953526,-0.014563901,-0.022471305,0,0,B,A,1,NA,NA,NA,NA,NA,NA,0,1,1,-0.027382979000000002,0.039,0.063076996,0.307241379,NA,NA,1038,743,0
2017,846,2017846,Mariagerfjord,0.37817054,0.356233988,-0.021936552,-0.021936552,-0.016430096,0,0,V,V,0,NA,NA,NA,NA,NA,NA,0,1,1,-0.061769564,0.226317016,-0.061769564,0.226317016,NA,NA,458,799,0
2017,849,2017849,Jammerbugt,0.456726309,0.464958788,0.008232479,0.008232479,-0.020396074,1,2,V,V,0,1,0.962962963,1307,1,1,2014,1,0,1,-0.053201798,0.240932401,-0.053201798,0.240932401,0,0,-632,299,4
2017,851,2017851,Aalborg,0.363002139,0.486990014,0.123987875,-0.046005406,-0.007425048,1,1,A,V,1,1,0.774193548,302,1,1,NA,0,1,1,0.061164856,0.332068966,-0.045597403,0.195757576,0,0,-987,-1724,3
2017,860,2017860,Hjørring,0.390516669,0.442520245,0.052003576,-0.020799191,-0.026288867,1,5,A,C,1,1,0.703225806,999,1,1,2015,2,0,1,0.06824941,0.312413793,-0.013200964,0.05104,3,1,-1322,-411,2
